{"cameraMode":{"drawMode":0,"name":"Shaded","section":"Shading Mode"},"sceneLighting":true,"audioPlay":false,"sceneViewState":{"m_AlwaysRefresh":false,"showFog":true,"showSkybox":true,"showFlares":true,"showImageEffects":true,"showParticleSystems":true,"showVisualEffectGraphs":true,"m_FxEnabled":false},"in2DMode":false,"pivot":{"x":1.0397748947143555,"y":1.7258849143981934,"z":-2.3050010204315187},"rotation":{"x":-0.48709481954574587,"y":-0.0344189815223217,"z":0.019210442900657655,"w":-0.8725758194923401},"size":1.2701162099838257,"orthographic":false}